{
	"BUILD_DIR" : "/home/dhaberl/temp/_laszlo/LinuxDeploy/DEBI-Qt6.3/build/TestApplication/TestApplication_autogen",
	"CMAKE_BINARY_DIR" : "/home/dhaberl/temp/_laszlo/LinuxDeploy/DEBI-Qt6.3/build",
	"CMAKE_CURRENT_BINARY_DIR" : "/home/dhaberl/temp/_laszlo/LinuxDeploy/DEBI-Qt6.3/build/TestApplication",
	"CMAKE_CURRENT_SOURCE_DIR" : "/home/dhaberl/temp/_laszlo/LinuxDeploy/DEBI-Qt6.3/TestApplication",
	"CMAKE_EXECUTABLE" : "/usr/bin/cmake",
	"CMAKE_LIST_FILES" : 
	[
		"/home/dhaberl/temp/_laszlo/LinuxDeploy/DEBI-Qt6.3/TestApplication/CMakeLists.txt",
		"/home/dhaberl/temp/_laszlo/LinuxDeploy/DEBI-Qt6.3/TestApplication/TestApplication.qrc"
	],
	"CMAKE_SOURCE_DIR" : "/home/dhaberl/temp/_laszlo/LinuxDeploy/DEBI-Qt6.3",
	"DEP_FILE" : "",
	"DEP_FILE_RULE_NAME" : "",
	"HEADERS" : 
	[
		[
			"/home/dhaberl/temp/_laszlo/LinuxDeploy/DEBI-Qt6.3/TestApplication/DEBINNCrossValidator.h",
			"MU",
			"EWIEGA46WW/moc_DEBINNCrossValidator.cpp",
			null
		],
		[
			"/home/dhaberl/temp/_laszlo/LinuxDeploy/DEBI-Qt6.3/TestApplication/DEBINNRenderController.h",
			"MU",
			"EWIEGA46WW/moc_DEBINNRenderController.cpp",
			null
		]
	],
	"HEADER_EXTENSIONS" : [ "h", "hh", "h++", "hm", "hpp", "hxx", "in", "txx" ],
	"INCLUDE_DIR" : "/home/dhaberl/temp/_laszlo/LinuxDeploy/DEBI-Qt6.3/build/TestApplication/TestApplication_autogen/include",
	"MOC_COMPILATION_FILE" : "/home/dhaberl/temp/_laszlo/LinuxDeploy/DEBI-Qt6.3/build/TestApplication/TestApplication_autogen/mocs_compilation.cpp",
	"MOC_DEFINITIONS" : 
	[
		"QT_3DANIMATION_LIB",
		"QT_3DCORE_LIB",
		"QT_3DEXTRAS_LIB",
		"QT_3DINPUT_LIB",
		"QT_3DLOGIC_LIB",
		"QT_3DRENDER_LIB",
		"QT_CONCURRENT_LIB",
		"QT_CORE_LIB",
		"QT_GUI_LIB",
		"QT_NETWORK_LIB",
		"QT_NO_DEBUG",
		"QT_OPENGL_LIB",
		"QT_WIDGETS_LIB"
	],
	"MOC_DEPEND_FILTERS" : 
	[
		[
			"Q_PLUGIN_METADATA",
			"[\n][ \t]*Q_PLUGIN_METADATA[ \t]*\\([^\\)]*FILE[ \t]*\"([^\"]+)\""
		]
	],
	"MOC_INCLUDES" : 
	[
		"/home/dhaberl/temp/_laszlo/LinuxDeploy/DEBI-Qt6.3",
		"/home/dhaberl/temp/_laszlo/LinuxDeploy/DEBI-Qt6.3/gcc_64/include/QtCore",
		"/home/dhaberl/temp/_laszlo/LinuxDeploy/DEBI-Qt6.3/gcc_64/include",
		"/home/dhaberl/temp/_laszlo/LinuxDeploy/DEBI-Qt6.3/gcc_64/mkspecs/linux-g++",
		"/home/dhaberl/temp/_laszlo/LinuxDeploy/DEBI-Qt6.3/gcc_64/include/QtGui",
		"/home/dhaberl/temp/_laszlo/LinuxDeploy/DEBI-Qt6.3/gcc_64/include/QtWidgets",
		"/home/dhaberl/temp/_laszlo/LinuxDeploy/DEBI-Qt6.3/gcc_64/include/Qt3DCore",
		"/home/dhaberl/temp/_laszlo/LinuxDeploy/DEBI-Qt6.3/gcc_64/include/QtConcurrent",
		"/home/dhaberl/temp/_laszlo/LinuxDeploy/DEBI-Qt6.3/gcc_64/include/QtNetwork",
		"/home/dhaberl/temp/_laszlo/LinuxDeploy/DEBI-Qt6.3/gcc_64/include/Qt3DExtras",
		"/home/dhaberl/temp/_laszlo/LinuxDeploy/DEBI-Qt6.3/gcc_64/include/Qt3DInput",
		"/home/dhaberl/temp/_laszlo/LinuxDeploy/DEBI-Qt6.3/gcc_64/include/Qt3DLogic",
		"/home/dhaberl/temp/_laszlo/LinuxDeploy/DEBI-Qt6.3/gcc_64/include/Qt3DRender",
		"/home/dhaberl/temp/_laszlo/LinuxDeploy/DEBI-Qt6.3/gcc_64/include/QtOpenGL",
		"/home/dhaberl/temp/_laszlo/LinuxDeploy/DEBI-Qt6.3/gcc_64/include/Qt3DAnimation",
		"/usr/include",
		"/usr/include/c++/11",
		"/usr/include/x86_64-linux-gnu/c++/11",
		"/usr/include/c++/11/backward",
		"/usr/lib/gcc/x86_64-linux-gnu/11/include",
		"/usr/local/include",
		"/usr/include/x86_64-linux-gnu"
	],
	"MOC_MACRO_NAMES" : 
	[
		"Q_OBJECT",
		"Q_GADGET",
		"Q_GADGET_EXPORT",
		"Q_NAMESPACE",
		"Q_NAMESPACE_EXPORT"
	],
	"MOC_OPTIONS" : [],
	"MOC_PATH_PREFIX" : false,
	"MOC_PREDEFS_CMD" : 
	[
		"/usr/bin/c++",
		"-dM",
		"-E",
		"-c",
		"/usr/share/cmake-3.22/Modules/CMakeCXXCompilerABI.cpp"
	],
	"MOC_PREDEFS_FILE" : "/home/dhaberl/temp/_laszlo/LinuxDeploy/DEBI-Qt6.3/build/TestApplication/TestApplication_autogen/moc_predefs.h",
	"MOC_RELAXED_MODE" : false,
	"MOC_SKIP" : [],
	"MULTI_CONFIG" : false,
	"PARALLEL" : 16,
	"PARSE_CACHE_FILE" : "/home/dhaberl/temp/_laszlo/LinuxDeploy/DEBI-Qt6.3/build/TestApplication/CMakeFiles/TestApplication_autogen.dir/ParseCache.txt",
	"QT_MOC_EXECUTABLE" : "/home/dhaberl/temp/_laszlo/LinuxDeploy/DEBI-Qt6.3/gcc_64/./libexec/moc",
	"QT_UIC_EXECUTABLE" : "/home/dhaberl/temp/_laszlo/LinuxDeploy/DEBI-Qt6.3/gcc_64/./libexec/uic",
	"QT_VERSION_MAJOR" : 6,
	"QT_VERSION_MINOR" : 3,
	"SETTINGS_FILE" : "/home/dhaberl/temp/_laszlo/LinuxDeploy/DEBI-Qt6.3/build/TestApplication/CMakeFiles/TestApplication_autogen.dir/AutogenUsed.txt",
	"SOURCES" : 
	[
		[
			"/home/dhaberl/temp/_laszlo/LinuxDeploy/DEBI-Qt6.3/TestApplication/DEBINNCrossValidator.cpp",
			"MU",
			null
		],
		[
			"/home/dhaberl/temp/_laszlo/LinuxDeploy/DEBI-Qt6.3/TestApplication/DEBINNRenderController.cpp",
			"MU",
			null
		],
		[
			"/home/dhaberl/temp/_laszlo/LinuxDeploy/DEBI-Qt6.3/TestApplication/main.cpp",
			"MU",
			null
		]
	],
	"UIC_OPTIONS" : [],
	"UIC_SEARCH_PATHS" : [],
	"UIC_SKIP" : [],
	"UIC_UI_FILES" : [],
	"VERBOSITY" : 0
}
