{
	"BUILD_DIR" : "/home/dhaberl/temp/_laszlo/LinuxDeploy/DEBI-Qt6.3/build/TestApplication/TestApplication_autogen",
	"CMAKE_BINARY_DIR" : "/home/dhaberl/temp/_laszlo/LinuxDeploy/DEBI-Qt6.3/build",
	"CMAKE_CURRENT_BINARY_DIR" : "/home/dhaberl/temp/_laszlo/LinuxDeploy/DEBI-Qt6.3/build/TestApplication",
	"CMAKE_CURRENT_SOURCE_DIR" : "/home/dhaberl/temp/_laszlo/LinuxDeploy/DEBI-Qt6.3/TestApplication",
	"CMAKE_SOURCE_DIR" : "/home/dhaberl/temp/_laszlo/LinuxDeploy/DEBI-Qt6.3",
	"INCLUDE_DIR" : "/home/dhaberl/temp/_laszlo/LinuxDeploy/DEBI-Qt6.3/build/TestApplication/TestApplication_autogen/include",
	"INPUTS" : [],
	"LOCK_FILE" : "/home/dhaberl/temp/_laszlo/LinuxDeploy/DEBI-Qt6.3/build/TestApplication/CMakeFiles/TestApplication_autogen.dir/AutoRcc_TestApplication_EWIEGA46WW_Lock.lock",
	"MULTI_CONFIG" : false,
	"OPTIONS" : [ "-name", "TestApplication" ],
	"OUTPUT_CHECKSUM" : "EWIEGA46WW",
	"OUTPUT_NAME" : "qrc_TestApplication.cpp",
	"RCC_EXECUTABLE" : "/home/dhaberl/temp/_laszlo/LinuxDeploy/DEBI-Qt6.3/gcc_64/./libexec/rcc",
	"RCC_LIST_OPTIONS" : [ "--list" ],
	"SETTINGS_FILE" : "/home/dhaberl/temp/_laszlo/LinuxDeploy/DEBI-Qt6.3/build/TestApplication/CMakeFiles/TestApplication_autogen.dir/AutoRcc_TestApplication_EWIEGA46WW_Used.txt",
	"SOURCE" : "/home/dhaberl/temp/_laszlo/LinuxDeploy/DEBI-Qt6.3/TestApplication/TestApplication.qrc",
	"VERBOSITY" : 0
}
